phase,device,page,ttfb_ms,fcp_ms,lcp_ms,cls,dcl_ms,load_ms,requests,total_bytes,js_bytes,css_bytes,image_bytes
hosted,desktop,home,1949,2268,2268,0,2238,2657,27,519298,156733,19535,323573
hosted,desktop,book,643,844,844,0.0021,849,932,37,225489,169109,19570,25989
hosted,desktop,route,1598,2132,2132,0,2092,2119,28,212686,154816,19545,25978
hosted,desktop,explore,851,1104,1104,0.0466,1094,1309,30,1943365,156537,19584,1754773
hosted,desktop,tour#faq,1004,1248,1248,0.0439,1275,2376,38,2007595,161436,19572,1807799
hosted,desktop,explore/centre,639,848,912,0,818,954,29,307123,156601,19556,120198
hosted,mobile,home,1740,2432,3648,0,2491,3482,19,301054,156575,19609,106887
hosted,mobile,book,770,1344,2196,0,1399,2107,31,224584,169187,19572,25966
hosted,mobile,route,1193,1912,2712,0,1972,2617,23,212527,154806,19571,25967
hosted,mobile,explore,896,1656,5872,0.0366,1671,3109,22,388160,156528,19606,200625
hosted,mobile,tour#faq,784,1524,1524,0.2595,1498,0,33,318778,161374,19569,120197
hosted,mobile,explore/centre,621,1292,1292,0,1254,2581,27,306237,156543,19530,120250
before,mobile,home,1008,1680,1680,0,1770,3462,22,417574,166770,21105,206243
before,mobile,book,373,988,988,0.1511,970,2283,32,248886,180455,21105,28067
before,mobile,route,686,1460,1460,0,1533,2447,24,229401,164921,21105,28067
before,mobile,explore,493,1216,5152,0,1378,2818,23,896942,166770,21105,690489
before,mobile,tour#faq,502,1220,1220,0.6031,1205,0,34,341489,172193,21105,122296
before,mobile,explore/centre,171,760,3744,0,752,2385,26,325637,166770,21105,122288
before,desktop,book,192,352,352,0.216,298,409,38,240996,180455,21105,28067
before,desktop,home,856,1104,1104,0,1082,1417,28,533302,166770,21105,323879
before,desktop,route,763,972,972,0,952,1322,29,229912,164921,21105,28067
before,desktop,explore,471,624,1740,0.0419,623,803,29,1958492,166770,21105,1755683
before,desktop,tour#faq,471,660,660,0.0813,616,928,39,2024378,172193,21105,1809871
before,desktop,explore/centre,179,356,372,0,286,448,30,322109,166770,21105,122298
after,desktop,home,650,864,864,0,820,1755,30,503492,166848,21105,295013
after,desktop,book,154,260,260,0.216,251,364,40,240563,180531,21105,28067
after,desktop,route,627,784,784,0,749,1048,31,228779,164997,21105,28067
after,desktop,explore,343,516,564,0.0419,493,557,31,493514,165828,21105,290684
after,desktop,tour#faq,327,480,580,0,428,737,28,498872,165828,21105,295012
after,desktop,faq,202,332,332,0,294,406,37,224933,165774,21105,28067
after,desktop,explore/centre,209,368,368,0,306,507,32,319321,165828,21105,119054
after,mobile,home,595,1264,1264,0,1274,2842,21,323336,166848,21105,112007
after,mobile,book,208,764,764,0.1511,753,2030,32,246327,180531,21105,28067
after,mobile,route,575,1132,1132,0,1176,2444,24,229477,164997,21105,28067
after,mobile,explore,366,944,2396,0,940,2507,23,396581,165828,21105,190652
after,mobile,tour#faq,335,900,1216,0,898,2479,23,310117,165828,21105,102690
after,mobile,faq,193,740,740,0,747,1951,30,232244,165774,21105,28067
after,mobile,explore/centre,188,740,1476,0,714,2222,26,282385,165828,21105,79789
final-followup,desktop,explore,1323,,,0.042,1828,2150,31,492967,165828,21105,290685
final-followup,mobile,explore,300,,,0,3069,4754,23,396565,165828,21105,190652
